,MAE,RMSE,MAPE
ARIMA,3.463026989468376,3.868774344379762,4.786777161918709
LSTM,0.22362288608345934,0.2825293749214542,0.3142659163876356
